Date,Close,High,Low,Open,Volume
,JEPQ,JEPQ,JEPQ,JEPQ,JEPQ
2022-05-04,37.318416595458984,37.3804976438747,36.175380844680994,36.59169331287829,13500
2022-05-05,36.43101119995117,37.249028296135826,35.941659771575296,37.249028296135826,48500
2022-05-06,35.94165802001953,36.211898061302435,35.496130002601284,36.05851759949382,10800
2022-05-09,34.8534049987793,35.78097916413511,34.736545414979076,35.78097916413511,21700
2022-05-10,35.103919982910156,35.50343469084961,34.76575634419184,35.306233631430764,9800
2022-05-11,34.24718475341797,35.24487495713588,34.14493299344643,34.853395596322784,27000
2022-05-12,34.098915100097656,34.53494775067413,33.5095048302609,33.88199373220033,30400
2022-05-13,35.27701950073242,35.306235092852404,34.47799283793172,34.92644075374932,21200
2022-05-16,35.094417572021484,35.335441968326414,34.919129634846556,35.335441968326414,27200
2022-05-17,35.74373245239258,35.74373245239258,35.255113731144704,35.64951591700125,22600
2022-05-18,34.32752990722656,35.48882305170434,34.14493666303919,35.47421525783113,26000
2022-05-19,34.10111999511719,34.51012994563587,33.86740081943576,34.144943385364584,30500
2022-05-20,34.020774841308594,34.67810885346379,33.05156735315589,34.67810885346379,20800
2022-05-23,34.42320251464844,34.466293130044185,33.886378034369685,34.27639741857852,109900
2022-05-24,33.92583084106445,34.10842411492793,33.3970414332108,34.10842411492793,19600
2022-05-25,34.33481979370117,34.498425353268104,33.84547141645799,33.84547141645799,44400
2022-05-26,35.09734344482422,35.22588812954878,34.37865559288975,34.37865559288975,17700
2022-05-27,35.94457244873047,35.94457244873047,35.47421156512221,35.47421156512221,30500
2022-05-31,35.92559051513672,36.3214525869786,35.71524438517059,36.3214525869786,27100
2022-06-01,35.67976379394531,36.240595855350605,35.453074258467055,36.181714581424714,38000
2022-06-02,36.4930419921875,36.4981939632123,35.57083637113452,35.725395501878545,28800
2022-06-03,35.79899978637695,36.1743609417032,35.66651970892229,36.1743609417032,198700
2022-06-06,35.95355224609375,36.40987367574063,35.806354683099066,36.350992404451915,125600
2022-06-07,36.15227127075195,36.21262372977841,35.53403197832156,35.69595266202892,83900
2022-06-08,35.93147659301758,36.306837714174996,35.85272583316789,36.181716404584584,66400
2022-06-09,35.261714935302734,36.10885057410601,35.22491554373883,35.879954259462636,83200
2022-06-10,34.29019546508789,34.89371445467246,34.216596683963346,34.86427381917723,91900
2022-06-13,32.89179229736328,33.46955136489455,32.751953506615116,33.37755149549395,137600
2022-06-14,32.89179229736328,33.090512352182174,32.57531252201615,33.02427233390921,149900
2022-06-15,33.6277961730957,34.006838048883914,33.05371780247116,33.34811855067604,79100
2022-06-16,32.42811584472656,32.899154739442864,32.0895541824876,32.899154739442864,64600
2022-06-17,32.70779800415039,32.91387965509568,32.25884092512275,32.56060043469276,42500
2022-06-21,33.465877532958984,33.64987729452992,33.17883835412648,33.28923652650092,28300
2022-06-22,33.399627685546875,33.77498585343002,33.12730609701451,33.12730609701451,234300
2022-06-23,33.70138931274414,33.90010934680789,33.295852088988,33.67930743721734,59000
2022-06-24,34.695003509521484,34.695003509521484,34.13564532593578,34.17980348318917,150800
2022-06-27,34.52572250366211,34.87164302754107,34.40428196132833,34.84956114227138,72600
2022-06-28,33.760276794433594,34.81422688617199,33.73083896521098,34.694995956882835,163300
2022-06-29,33.84123229980469,33.914833881364196,33.551986366734916,33.84859386176726,208000
2022-06-30,33.67931365966797,33.797073389653704,32.98747559695345,33.63515551568171,169200
2022-07-01,33.65707778930664,33.65707778930664,33.182512697168335,33.538436516272064,209100
2022-07-05,34.15388107299805,34.23248022389047,33.03420170167493,33.39012542707324,286500
2022-07-06,34.28734588623047,34.463824096616285,33.97591092162574,34.20577951862852,221500
2022-07-07,34.79158401489258,34.83607555157906,34.44307687772356,34.50239609800789,397700
2022-07-08,34.806419372558594,34.90281630115,34.48015654399795,34.643289372593955,387700
2022-07-11,34.46531295776367,34.776747982541785,34.36595166117799,34.776747982541785,154400
2022-07-12,34.19095230102539,34.6729310571436,34.03523621806243,34.539462149339656,424300
2022-07-13,34.15388107299805,34.342963695827244,33.64965508819286,33.73863531238485,145800
2022-07-14,34.29476547241211,34.361501345395524,33.63482341103734,34.064896836884735,163100
2022-07-15,34.71001052856445,34.76191589222743,34.46531138961315,34.621027480602066,113500
2022-07-18,34.67293930053711,35.147507158812864,34.58395906463634,35.073354605036634,122200
2022-07-19,35.266143798828125,35.29580198782477,34.813823180222926,34.93987826219207,208000
2022-07-20,35.525672912597656,35.58499495166068,35.22165453397593,35.2958042541742,139300
2022-07-21,35.74070358276367,35.74070358276367,35.25872201643464,35.58498750575149,142600
2022-07-22,35.31804275512695,35.74070227939237,35.22164587965051,35.614644391672435,232500
2022-07-25,35.44410705566406,35.792616968818585,35.29580478440912,35.792616968818585,142200
2022-07-26,35.08818435668945,35.59241039693651,34.94729875050861,35.59241039693651,111900
2022-07-27,36.000247955322266,36.074400524840996,35.29581410236642,35.43670257013637,164100
2022-07-28,36.089229583740234,36.111476769758276,35.65396544005502,36.03732419741715,286100
2022-07-29,36.44514465332031,36.51929437338768,36.118879096310685,36.26718136507593,783700
2022-08-01,36.3756103515625,36.59244120895243,36.248499853679256,36.450379219317725,259600
2022-08-02,36.308311462402344,36.51019079597392,36.16774407382088,36.2036310710234,113100
2022-08-03,36.644771575927734,36.712064682361756,36.44289510887451,36.49523387473999,258000
2022-08-04,36.62233352661133,36.6522422012439,36.49447579651842,36.56251902959439,157500
2022-08-05,36.502716064453125,36.58870282484334,36.350933616641896,36.45037728934581,166700
2022-08-08,36.570011138916016,36.861613716468845,36.51019661512929,36.72702747263685,111300
2022-08-09,36.405517578125,36.52589962409413,36.318786372755405,36.52514948245337,131200
2022-08-10,36.89152526855469,36.981248487325175,36.72553574509195,36.981248487325175,177500
2022-08-11,36.82422637939453,37.086670389851,36.74945751749343,37.07096875771682,666200
2022-08-12,37.22050094604492,37.2429338830784,36.928898434849124,37.041054563270045,533300
2022-08-15,37.31023406982422,37.3326641588653,37.130784800747485,37.21303226356393,273300
2022-08-16,37.26536560058594,37.36256739265956,37.09339495445505,37.27284134509208,262900
2022-08-17,37.0933952331543,37.257890136014964,36.973763354414444,37.130779660463816,236300
2022-08-18,37.198081970214844,37.28780518839751,37.048541371743944,37.20555771662603,547700
2022-08-19,36.82422637939453,37.108353188667365,36.74945751749343,37.108353188667365,221700
2022-08-22,36.166259765625,36.56254283186695,36.091490882617116,36.56254283186695,223100
2022-08-23,36.13633728027344,36.41298544268541,36.083995663575095,36.158767364395054,351900
2022-08-24,36.2260627746582,36.39803341911626,36.084748101650156,36.12886098353012,369800
2022-08-25,36.727027893066406,36.727027893066406,36.28738215361526,36.41299522202988,178800
2022-08-26,35.568092346191406,36.80179861107084,35.51575356911162,36.80179861107084,467800
2022-08-29,35.164329528808594,35.433501980893524,35.03722189990688,35.20171681001413,271000
2022-08-30,34.7680549621582,35.35126013267455,34.502621766545005,35.27649126290306,438400
2022-08-31,34.57365036010742,35.16358392197868,34.54374167461162,35.02974497879682,227700
2022-09-01,34.53279495239258,34.66142430649289,33.82155962667445,34.44199962888908,322800
2022-09-02,34.124202728271484,34.98676817776467,33.96531023217953,34.895969991714516,232900
2022-09-06,33.98045349121094,34.29824146537869,33.76102880503933,34.14691399607649,290800
2022-09-07,34.57819366455078,34.69168709605821,33.993313270517,34.040983917621006,523700
2022-09-08,34.73709487915039,34.90960805538001,34.24982142762434,34.38904365077406,280700
2022-09-09,35.44831466674805,35.44831466674805,34.9860110780523,34.99433525579968,299800
2022-09-12,35.788795471191406,35.81149645887388,35.56180579867866,35.652601090417704,280000
2022-09-13,34.131778717041016,35.04730566096142,34.048548470078934,34.986776409017956,663700
2022-09-14,34.351200103759766,34.426862383036266,34.03341218087042,34.27553493815233,276100
2022-09-15,33.88208770751953,34.40416729384006,33.715630101246354,34.184742623830886,420000
2022-09-16,33.67022705078125,33.72243500329303,33.29947496607921,33.57186378156138,357000
2022-09-19,33.97289276123047,33.97289276123047,33.46745854503711,33.48107914468543,270100
2022-09-20,33.685359954833984,33.88965156566557,33.4621513316486,33.70805806059388,282400
2022-09-21,33.185977935791016,34.23769905831077,33.140578842712046,33.829115879591704,348900
2022-09-22,32.80767059326172,33.110322644963325,32.686609195314794,32.94386502674343,405300
2022-09-23,32.35368728637695,32.59581296186809,31.97537006752332,32.59581296186809,372600
2022-09-26,32.27045822143555,32.75470377422556,32.164526981222956,32.32342239837625,303600
2022-09-27,32.24775314331055,32.800095837415014,31.97763587511748,32.6260702943134,2981900
2022-09-28,32.845489501953125,32.96655085479719,32.12668645667195,32.27044879752638,398100
2022-09-29,32.043453216552734,32.47473442582386,31.709022812230632,32.47473442582386,383900
2022-09-30,31.51382827758789,32.29921353117531,31.51382827758789,31.922408716543714,419800
2022-10-03,32.28505325317383,32.43013932498416,31.658900590464917,31.834528492160636,321300
2022-10-04,33.05628967285156,33.14028625319507,32.796665203111075,32.827209943764494,247300
2022-10-05,33.09446334838867,33.2013670090533,32.475945566520984,32.75084235846218,178900
2022-10-06,32.86539840698242,33.26247140541842,32.79667417815874,33.02575396993515,348300
2022-10-07,31.88034439086914,32.49046147728658,31.727623595636892,32.46831755912382,378600
2022-10-10,31.574909210205078,31.97198219325316,31.33055705339202,31.97198219325316,322800
2022-10-11,31.16256332397461,31.624541660448134,30.994570142381633,31.391643081569566,288000
2022-10-12,31.143474578857422,31.376373176045686,31.105295101741252,31.15492813070154,182200
2022-10-13,31.811626434326172,31.926167781501313,30.246244529408216,30.383692980855397,595100
2022-10-14,31.040390014648438,32.094157575714014,30.96402814673305,32.08652284537618,212500
2022-10-17,31.895620346069336,32.02161523476309,31.628358196151627,31.628358196151627,748200
2022-10-18,32.13233184814453,32.758484442321084,31.88034211704811,32.758484442321084,200600
2022-10-19,32.071258544921875,32.34386305408719,31.857451086753006,32.05598616749436,141500
2022-10-20,31.956708908081055,32.52177507516534,31.842170476351498,31.926167074030943,195800
2022-10-21,32.55995559692383,32.5989011700616,31.803992019372494,31.865078602339754,118300
2022-10-24,32.86539840698242,32.95702974111147,32.336985318119986,32.69740520032285,399500
2022-10-25,33.34646224975586,33.39991701241872,32.972299301467224,32.972299301467224,285700
2022-10-26,32.84248352050781,33.33119069353908,32.75848984253605,32.91884538171918,382700
2022-10-27,32.43777084350586,32.93411266957922,32.391953733852304,32.84247845027211,321600
2022-10-28,33.08684158325195,33.147928164889144,32.285057988344676,32.41487170779828,427000
2022-10-31,32.92648696899414,33.102114916997614,32.75925984699106,33.01812122153247,382900
2022-11-01,32.65571594238281,33.27639894891318,32.60916360702427,33.237606815939415,403200
2022-11-02,31.817785263061523,32.928811024843945,31.802270780713084,32.686744257046044,424900
2022-11-03,31.28244972229004,31.654859485692338,31.228140150105315,31.577275228185503,429100
2022-11-04,31.678136825561523,31.82554809726463,31.10400326273158,31.78675596888483,677200
2022-11-07,31.996234893798828,32.04278426091058,31.616064957705795,31.89537299897423,400100
2022-11-08,32.190189361572266,32.469494364051585,31.83717430953591,32.190189361572266,916500
2022-11-09,31.600555419921875,32.089344614405924,31.561763284408904,32.05055247889295,564200
2022-11-10,33.33845901489258,33.35397645549046,32.53932710217199,32.585879423965636,1023200
2022-11-11,33.68758010864258,33.741892612888094,33.25310375186411,33.40051495010706,552200
2022-11-14,33.5789794921875,33.79622074973546,33.51691267549511,33.64880651074759,444900
2022-11-15,33.85828399658203,34.09879991507463,33.61777103773896,34.07552227157565,1102400
2022-11-16,33.6643180847168,34.06000544077709,33.60225127884712,33.734145091101006,610200
2022-11-17,33.68758010864258,33.81171959303438,33.39275771215668,33.46258469230296,687900
2022-11-18,33.78845977783203,33.951388497542496,33.58906521333406,33.951388497542496,305300
2022-11-21,33.6643180847168,33.85750623436809,33.58285373721011,33.788454656105465,431500
2022-11-22,34.02897644042969,34.036733682635855,33.606912616678095,33.81173814285899,391200
2022-11-23,34.215179443359375,34.292766662748384,34.075525408108945,34.075525408108945,425200
2022-11-25,34.1763801574707,34.253967360614126,34.153105476352266,34.23844991998544,288400
2022-11-28,33.920352935791016,34.20741821495331,33.82724828337396,34.106556321326224,573300
2022-11-29,33.74190139770508,33.92034751350502,33.59448720143414,33.91258731388604,802300
2022-11-30,34.61861801147461,34.61861801147461,33.695352460637054,33.77293670671947,831600
2022-12-01,34.60762023925781,34.717584959177636,34.46623617184264,34.6783122729654,482600
2022-12-02,34.521217346191406,34.57619970426298,34.21488620941726,34.21488620941726,453500
2022-12-05,34.31700134277344,34.56049683093731,34.21489294130111,34.42696907686686,1053200
2022-12-06,33.86928939819336,34.33114433876405,33.71219561601224,34.32486106688715,796800
2022-12-07,33.775028228759766,33.928193814743196,33.61793447494457,33.751465214397435,495800
2022-12-08,34.0656623840332,34.12850110743492,33.69649537115149,33.908568571844164,282000
2022-12-09,33.89284896850586,34.20703347681223,33.85357328319272,34.0028136962288,266400
2022-12-12,34.340572357177734,34.340572357177734,33.869290988505625,33.99496542088856,924800
2022-12-13,34.55263900756836,35.15744498687653,34.28558053776525,35.01606391115864,791500
2022-12-14,34.42696762084961,34.86682655336286,34.12848977641971,34.631187411471586,525900
2022-12-15,33.40586471557617,34.09314739756764,33.2880466250236,34.05780286929628,893600
2022-12-16,33.13095474243164,33.500124705905826,32.91887857168997,33.24091949844994,493600
2022-12-19,32.71464538574219,33.21734292025322,32.58111466771127,33.21734292025322,505800
2022-12-20,32.72250747680664,32.88117131621607,32.400466595347886,32.643962089646735,439700
2022-12-21,33.193782806396484,33.30375053336828,32.79319657381318,32.91101764026872,422300
2022-12-22,32.41617965698242,32.85604166142646,31.93704495485752,32.85604166142646,844300
2022-12-23,32.479000091552734,32.577183287713794,32.062704298650125,32.282633699230615,449700
2022-12-27,32.19624710083008,32.54185100250033,32.12555505317997,32.53399466592005,710400
2022-12-28,31.81136703491211,32.376903407686726,31.7328216481665,32.180536944508255,753000
2022-12-29,32.549190521240234,32.63683876989449,32.0870493549849,32.166727923101924,583700
2022-12-30,32.50935745239258,32.50935745239258,32.11892813861644,32.310157954474064,779600
2023-01-03,32.4057731628418,32.939629402775296,32.142831403714005,32.82010848709884,513300
2023-01-04,32.50935745239258,32.66075101611825,32.1691261932448,32.62887836696093,708700
2023-01-05,32.07112503051758,32.36593949028489,32.01534940406278,32.29422753633676,752200
2023-01-06,32.660743713378906,32.80416452343256,31.896611862471648,32.19859952255983,964500
2023-01-09,32.89182662963867,33.26632273245443,32.839239483716206,32.947602256924796,728900
2023-01-10,33.067115783691406,33.10695507431736,32.748395379597646,32.828077000392604,524400
2023-01-11,33.43364715576172,33.46551980887966,33.11891154519489,33.20257497997187,794000
2023-01-12,33.57707214355469,33.64878409562265,33.186642768607456,33.521296518562224,1033900
2023-01-13,33.84001922607422,33.85197071228786,33.47348975810774,33.5212987425061,551700
2023-01-17,33.927650451660156,34.01529565300535,33.792193250413455,33.927650451660156,1052100
2023-01-18,33.69658660888672,34.11092191468854,33.672680603090356,34.063112942638824,980300
2023-01-19,33.54520034790039,33.67268792822351,33.41930852800618,33.5850426863806,571600
2023-01-20,34.039207458496094,34.039207458496094,33.58503289601976,33.69658411634128,911300
2023-01-23,34.31808853149414,34.36589750421767,34.04399165735785,34.182634334758724,1016900
2023-01-24,34.24638366699219,34.31012897712576,34.1667050688689,34.222480695463936,1330600
2023-01-25,34.20654296875,34.238415622513074,33.847983212774345,34.02327976892768,872700
2023-01-26,34.41370391845703,34.46151289184887,34.27028003782462,34.41370391845703,1325700
2023-01-27,34.5252571105957,34.61927929431409,34.341990904759975,34.37386355269167,1249100
2023-01-30,34.18263626098633,34.40573873384875,34.15076361070791,34.35792975843113,1075400
2023-01-31,34.541202545166016,34.541202545166016,34.262324376523566,34.30216368068048,753000
2023-02-01,34.767391204833984,34.88814049627593,34.3809977713146,34.509795582487726,1303800
2023-02-02,34.97669219970703,35.08938990911782,34.86399449029624,35.016940942956275,1341900
2023-02-03,34.75129699707031,34.97669550799358,34.670799502957934,34.68689961593692,1305300
2023-02-06,34.702999114990234,34.77222683587088,34.59834991786943,34.68689900229607,676700
2023-02-07,34.93644714355469,34.97669589105167,34.63055113516893,34.739223060489046,725200
2023-02-08,34.68690872192383,34.893790468301326,34.666782807721006,34.88815558081854,871100
2023-02-09,34.57420349121094,34.97669712191006,34.525903150045266,34.97669712191006,866500
2023-02-10,34.48565673828125,34.7352039117087,34.30051002410588,34.7352039117087,874000
2023-02-13,34.743247985839844,34.80764843684728,34.52590106986352,34.5742014081191,679000
2023-02-14,35.00084686279297,35.05719572720832,34.622501855333255,34.65470208379425,698500
2023-02-15,35.13768768310547,35.145736202855936,34.87204046960932,34.9605895407747,825400
2023-02-16,34.815704345703125,35.11354881785864,34.78350411336654,34.94450220426631,858400
2023-02-17,34.7110481262207,34.75129687313335,34.469552573962275,34.74324835206384,958700
2023-02-21,34.20389938354492,34.550040972498024,34.155599057495266,34.485643608546894,934800
2023-02-22,34.24415588378906,34.45345120255942,34.09120635201223,34.27635610845602,726600
2023-02-23,34.48565673828125,34.59030594917443,34.109728423285105,34.57420583436141,947800
2023-02-24,34.042903900146484,34.131452969101005,33.86580576223745,34.099252749339,1093900
2023-02-27,34.300506591796875,34.533953627051226,34.22000602578713,34.372955565814344,1036000
2023-02-28,34.28440856933594,34.50899948125137,34.20391106919988,34.32465731940397,1108200
2023-03-01,34.042869567871094,34.34377317978575,33.92088002401011,34.2380491152611,1092100
2023-03-02,34.29497528076172,34.351906007175025,33.7566012776535,33.7988921425909,914400
2023-03-03,34.80732727050781,34.84798941627101,34.40883389877646,34.473892711533004,1239800
2023-03-06,34.83173370361328,35.16516832637872,34.82359941151072,34.961854456343126,1121000
2023-03-07,34.55521774291992,34.93744560974937,34.49828701995623,34.92118013209155,1729200
2023-03-08,34.685340881347656,34.755279648064494,34.43323061354941,34.59588229915077,915600
2023-03-09,34.22179412841797,35.01878417406966,34.148601006759975,34.72601168743768,1536300
2023-03-10,33.77449417114258,34.36003902417965,33.69316987591987,34.270580438040874,1699300
2023-03-13,34.08353042602539,34.400699505281175,33.46545774623499,33.6687715767654,1450200
2023-03-14,34.685340881347656,34.74633254891566,34.36003751014495,34.46576157113426,1752600
2023-03-15,34.839866638183594,34.856132120879835,34.294983825992105,34.44137006793468,1397400
2023-03-16,35.46607208251953,35.514865425974705,34.669082082075924,34.79106854303732,1420800
2023-03-17,35.37660217285156,35.620578119096386,35.22208479743841,35.49859169713521,1149900
2023-03-20,35.457923889160156,35.51485150242176,35.19768248501501,35.417261751447896,877600
2023-03-21,35.82390213012695,35.86456428236443,35.57179492486059,35.72631234429234,831400
2023-03-22,35.66938018798828,36.15733215761473,35.62058375009645,35.89709069350423,1234300
2023-03-23,35.880821228027344,36.16627523914915,35.696214418274224,35.87269004044352,1272800
2023-03-24,36.0028190612793,36.0028190612793,35.71004660357844,35.84830164296977,840100
2023-03-27,35.94588851928711,36.13293688494339,35.88082659958593,36.116671405018096,862500
2023-03-28,35.937747955322266,35.97027890949467,35.74419405194482,35.97027890949467,752300
2023-03-29,36.27118682861328,36.294773789725944,36.12561653053496,36.181731347397495,797900
2023-03-30,36.368778228759766,36.4826334750769,36.29477231865363,36.4826334750769,1201400
2023-03-31,36.669681549072266,36.669681549072266,36.40049300277369,36.45010224610503,1366300
2023-04-03,36.590824127197266,36.60725504810995,36.442948972860826,36.56617617888938,967700
2023-04-04,36.60724639892578,36.705828767232134,36.5661675394109,36.66475304159424,994600
2023-04-05,36.53330612182617,36.61545756699143,36.418292845044114,36.61545756699143,960000
2023-04-06,36.640098571777344,36.656529485880775,36.3525654096583,36.492223478722856,1009500
2023-04-10,36.640098571777344,36.64831559576727,36.3525654096583,36.54151622103316,1176000
2023-04-11,36.58259582519531,36.69760910225976,36.54152010251183,36.69760910225976,961200
2023-04-12,36.47580337524414,36.755122706035614,36.43719087566845,36.755122706035614,923400
2023-04-13,36.86191940307617,36.91121215634066,36.60231842385495,36.61546190450797,828200
2023-04-14,36.88656234741211,36.944068984821584,36.656532663897536,36.812624794474694,620800
2023-04-17,36.944068908691406,36.952282799500104,36.73457865348763,36.87013135590635,727900
2023-04-18,36.985137939453125,37.141226907593655,36.911200400044216,37.116582105749394,699500
2023-04-19,37.026222229003906,37.083728869209665,36.8044095594059,36.85370230838662,729800
2023-04-20,36.86191940307617,37.083732091950694,36.738692220730634,36.85370551113732,1056100
2023-04-21,36.90298843383789,36.96049820248221,36.68117891909168,36.87012973816814,712000
2023-04-24,36.894775390625,37.042650493102585,36.6647488462717,36.95228202671333,1380400
2023-04-25,36.25399398803711,36.82906361951202,36.24577696157007,36.82906361951202,1523700
2023-04-26,36.55795669555664,36.878351769670374,36.50866394035559,36.681187016620655,1278700
2023-04-27,37.37948226928711,37.45341983209793,36.845488411889306,36.87835024733347,1648000
2023-04-28,37.60129928588867,37.60129928588867,37.26447326850775,37.36305565231065,1923200
2023-05-01,37.63783264160156,37.72833393572628,37.54649832888045,37.629527794606325,1692100
2023-05-02,37.43855667114258,37.687648230246204,37.23097984399438,37.687648230246204,1502700
2023-05-03,37.33061599731445,37.72086144761734,37.29740294465654,37.538192825369855,919100
2023-05-04,37.181156158447266,37.355523081194335,37.04830713044087,37.30570350792794,995200
2023-05-05,37.729156494140625,37.8121891111879,37.37212415926354,37.43024857488187,1247400
2023-05-08,37.886924743652344,37.90353127050733,37.66274138216669,37.77898390278048,1352000
2023-05-09,37.73746871948242,37.828803032410555,37.71255734581133,37.82049818539649,852500
2023-05-10,38.07789993286133,38.1443228814253,37.78064844858151,38.04468687489357,1318600
2023-05-11,38.19413757324219,38.21904577983989,38.00316726546051,38.136016312933464,1254600
2023-05-12,38.12770462036133,38.2605568113531,37.92843266861481,38.24395028747912,1254000
2023-05-15,38.252262115478516,38.277170324213266,38.05299011085772,38.19414085018317,1511800
2023-05-16,38.31038284301758,38.4432319000238,38.22735337015295,38.22735337015295,1525900
2023-05-17,38.617591857910156,38.65080491070579,38.335287243889404,38.44322808178968,1518800
2023-05-18,38.891597747802734,38.90820427546248,38.651637699070584,38.692322583257024,3523500
2023-05-19,38.808563232421875,38.92480574355929,38.733835451351986,38.87498616705574,1545600
2023-05-22,38.858375549316406,38.91649679876427,38.78032837178808,38.80025429986854,1451900
2023-05-23,38.67571258544922,38.86668286970513,38.61758816492976,38.8251649739954,1480200
2023-05-24,38.58437728881836,38.64249854046999,38.443223415256796,38.63419369459366,1194400
2023-05-25,39.05765914916992,39.14899346595761,38.83513548340771,39.14899346595761,2852600
2023-05-26,39.3067512512207,39.339964306383074,39.0410531446643,39.21541693320983,2830400
2023-05-30,39.29013442993164,39.47280301809565,39.22786075966023,39.464498172795224,3490400
2023-05-31,39.23200988769531,39.309227205230236,39.17388864495501,39.21540336585949,2277200
2023-06-01,39.36336898803711,39.39683489288928,39.18767777478974,39.212775607686694,1343300
2023-06-02,39.46376419067383,39.52233112091582,39.34663671315865,39.447034429444,1693100
2023-06-05,39.53068542480469,39.5976172177535,39.472121701716254,39.480486580093086,2361100
2023-06-06,39.55579376220703,39.58089478697447,39.473804528097,39.522331048324446,2080300
2023-06-07,39.30480194091797,39.65618752931124,39.27970411013419,39.58089084547583,1766100
2023-06-08,39.49722671508789,39.53069261765162,39.33826846513638,39.33826846513638,1188700
2023-06-09,39.56415557861328,39.68128303739375,39.497223778462214,39.53905455781469,1685100
2023-06-12,39.806785583496094,39.81515046424747,39.62272629212127,39.66455707884706,1746400
2023-06-13,39.84861373901367,39.91554235505874,39.73985114752066,39.91554235505874,1373500
2023-06-14,39.907169342041016,39.932267169007616,39.78167382424083,39.87370344509649,1074500
2023-06-15,39.990840911865234,40.02430681719401,39.84861560144453,39.86534855410892,1751200
2023-06-16,39.907169342041016,40.049394616829865,39.89880127206309,40.04102973833553,1454000
2023-06-20,40.00757598876953,40.04104189587521,39.82351669117286,39.82351669117286,1324800
2023-06-21,39.89044189453125,40.02430230928535,39.81514521176432,40.02430230928535,3899800
2023-06-22,40.10797119140625,40.10797119140625,39.85279923054297,39.87371622070604,1533700
2023-06-23,39.96574783325195,40.07451044276753,39.8402522690813,39.96574783325195,1868900
2023-06-26,39.69801712036133,40.09959835827663,39.672916098846386,39.9824708961535,1482900
2023-06-27,40.049407958984375,40.107971702405564,39.75658924187842,39.80678810401858,2110100
2023-06-28,40.07451248168945,40.18159956714859,39.923919073616645,39.974114748650955,2281000
2023-06-29,40.099605560302734,40.14143634836195,39.9992110306637,40.124703394841355,2239600
2023-06-30,40.46772384643555,40.50118975586103,40.28366772756495,40.30039749079292,2246700
2023-07-03,40.4820442199707,40.541055688405635,40.43989363050059,40.541055688405635,1172500
2023-07-05,40.54949188232422,40.60850336147357,40.431468924025495,40.431468924025495,1456400
2023-07-06,40.40617752075195,40.45676016471709,40.24600397202211,40.397745472148955,1625900
2023-07-07,40.36402893066406,40.61693573128552,40.347168048504706,40.406179528120234,1305300
2023-07-10,40.32188034057617,40.41039756440617,40.11955296047575,40.35559889068907,1813600
2023-07-11,40.44832992553711,40.46350568417081,40.20806798375229,40.3977472793092,1494800
2023-07-12,40.7686882019043,40.819267642109274,40.624529722372976,40.70124466045091,1660600
2023-07-13,41.07217025756836,41.09745997308415,40.92801180418252,40.96257613052581,1561200
2023-07-14,41.12275314331055,41.27365531911888,41.06964280673492,41.114324309392,1584500
2023-07-17,41.31664276123047,41.350364524004725,41.10588656771782,41.10588656771782,1407200
2023-07-18,41.493682861328125,41.527401410211816,41.21548312581732,41.32507725337168,1770300
2023-07-19,41.46839141845703,41.577985549945645,41.434672868362895,41.52740290097753,1806000
2023-07-20,41.080596923828125,41.43466900179468,41.004724565398455,41.3840863575468,1940800
2023-07-21,41.0215950012207,41.27450184959644,40.98787323053459,41.20706152410927,1462200
2023-07-24,41.063751220703125,41.173345382473734,40.954160274818015,41.13119477129596,6446700
2023-07-25,41.291351318359375,41.37565572176546,41.148038656395265,41.15646748879379,1406300
2023-07-26,41.26606750488281,41.34193987085331,41.08060100675836,41.27449633848637,1469200
2023-07-27,41.24920654296875,41.66228692233071,41.14804446049628,41.65385808874326,2344200
2023-07-28,41.63699722290039,41.6791478226243,41.45153072505365,41.48525249118663,1963000
2023-07-31,41.67072296142578,41.71287356516783,41.59485058833613,41.70865754002815,2311300
2023-08-01,41.65033721923828,41.675815588947785,41.54841726065211,41.607872189764414,1450900
2023-08-02,41.15773010253906,41.505948496692454,41.0218400765249,41.49745678751135,2319100
2023-08-03,41.081295013427734,41.27663673879906,40.91143165749099,40.987870005668825,2084300
2023-08-04,41.055816650390625,41.54671912482632,41.00485667163945,41.302118354543566,1535600
2023-08-07,41.395538330078125,41.40403003890068,41.073647163864145,41.21718004606812,1240900
2023-08-08,41.11526870727539,41.166228686483024,40.80951531177772,41.149242026747146,2295300
2023-08-09,40.74156951904297,41.166226267868105,40.63115785718375,41.14074465982436,1599100
2023-08-10,40.80951690673828,41.34033789470281,40.665135153151546,41.01335359166131,1542800
2023-08-11,40.61417007446289,40.77553846819603,40.469788338997525,40.71608678419573,1680100
2023-08-14,41.0388298034668,41.05581646297298,40.48677470907499,40.54622963728364,1601600
2023-08-15,40.70759201049805,41.05581037908872,40.631153673984315,40.97937204257498,1346400
2023-08-16,40.29143524169922,40.76705201489437,40.28549007253271,40.66513529202191,1878800
2023-08-17,39.909244537353516,40.46979134229343,39.84129789924006,40.40184470417997,1707900
2023-08-18,39.858272552490234,39.97292841992703,39.49306758232406,39.51854594400489,1746500
2023-08-21,40.42732620239258,40.4782861849217,39.9686993191276,40.03664272262548,1558000
2023-08-22,40.38484573364258,40.68210732496001,40.316902356115165,40.68210732496001,1500700
2023-08-23,40.92841339111328,41.00485173009134,40.469786597118585,40.48677001478158,1843500
2023-08-24,40.164031982421875,41.259647060145035,40.147045325417615,41.259647060145035,2093800
2023-08-25,40.495262145996094,40.57170047965589,39.9389629198391,40.265947145016696,2044400
2023-08-28,40.70759201049805,40.76704369002278,40.478277000956844,40.724578667487044,1839100
2023-08-29,41.33608627319336,41.35307293188919,40.666828767921814,40.69910115153218,2466500
2023-08-30,41.5229377746582,41.56540280299046,41.29362273381523,41.37006108076289,2457300
2023-08-31,41.616355895996094,41.7352592516049,41.53142585338222,41.58238258300116,2012500
2023-09-01,41.617225646972656,41.780096390571835,41.50578828608452,41.780096390571835,1945400
2023-09-05,41.66008377075195,41.74580607240302,41.49721630257211,41.608653659732774,1648900
2023-09-06,41.462921142578125,41.66865136561097,41.325768750546544,41.64293631397098,1905400
2023-09-07,41.31718826293945,41.351477170229344,41.04288354456067,41.15431758829755,1680200
2023-09-08,41.34291458129883,41.505782030379244,41.27434001799116,41.33434398712452,1736600
2023-09-11,41.685794830322266,41.702939287664165,41.454349561162914,41.582928086270854,1892400
2023-09-12,41.38576889038086,41.62578800671766,41.35148324802188,41.58721216285415,1265700
2023-09-13,41.54864501953125,41.64293790577687,41.33434419441705,41.368629841257295,1563000
2023-09-14,41.762943267822266,41.83151782724271,41.53064126621109,41.694365438430935,1739700
2023-09-15,41.325767517089844,41.72008022366514,41.252906026303926,41.72008022366514,1885600
2023-09-18,41.39434051513672,41.471488928721435,41.22289923272952,41.265758735838695,1449000
2023-09-19,41.35149002075195,41.4114939921712,41.079755414488204,41.32148803504233,1764300
2023-09-20,40.888587951660156,41.480056905191816,40.8714434975037,41.45434185894226,1671300
2023-09-21,40.18568801879883,40.597145173534145,40.17711415538327,40.597145173534145,2808400
2023-09-22,40.211402893066406,40.59714499580794,40.17283031777764,40.365699734163016,1630200
2023-09-25,40.374271392822266,40.38713218822862,39.99710314350739,40.082822159724586,1529200
2023-09-26,39.83423614501953,40.18140241549875,39.7227988067287,40.159971026222124,3113700
2023-09-27,39.89424133300781,40.065682642559445,39.517069798000016,39.99710481075039,1867800
2023-09-28,40.20282745361328,40.3956968467502,39.712505204576274,39.82565598974322,2146000
2023-09-29,40.228546142578125,40.65714773943494,40.10853821865353,40.56285486493113,2873500
2023-10-02,40.51136779785156,40.62985839146227,40.1835737357308,40.23460380788586,2562400
2023-10-03,39.85405349731445,40.45947265344825,39.68107518158182,40.32974139111399,2965600
2023-10-04,40.321083068847656,40.411895925168984,39.897289739348096,39.96647907304164,2124200
2023-10-05,40.25189971923828,40.38163097643265,39.88432287492398,40.34703795408625,1913300
2023-10-06,40.762184143066406,40.857322378444756,39.88864516303508,40.00108155932647,2984500
2023-10-09,40.909210205078125,40.952453954168945,40.41622420701232,40.554606183674885,1768300
2023-10-10,41.08219528198242,41.281119200064936,40.90921695777981,40.96975887635766,1923000
2023-10-11,41.289756774902344,41.32434978929094,41.057101019476384,41.220564147553006,1882600
2023-10-12,41.20327377319336,41.488688465989426,41.020783627912735,41.350306484439216,2279700
2023-10-13,40.87461471557617,41.315709543398945,40.72239552794427,41.315709543398945,2337200
2023-10-16,41.20327377319336,41.281113844020766,40.99570245051139,41.02164804102496,1764900
2023-10-17,41.16868591308594,41.30706792307344,40.788136210442154,40.96976197993437,1917900
2023-10-18,40.762184143066406,41.1513845153929,40.67569333850116,41.01299922808851,2233900
2023-10-19,40.545955657958984,41.02942647664084,40.46206140542761,40.943803398078074,1975500
2023-10-20,40.06162643432617,40.58055810293089,40.03568084068206,40.47677242906736,2185500
2023-10-23,40.208656311035156,40.563260362594185,39.73210071956809,39.97513608694211,2584600
2023-10-24,40.5719108581543,40.615154614189144,40.234604942080544,40.424881427778395,2286300
2023-10-25,39.71566390991211,40.39027893837875,39.64647457067429,40.39027893837875,3481900
2023-10-26,39.00645446777344,39.69836763114919,38.87672322410534,39.61187683608398,4184900
2023-10-27,39.23133087158203,39.59285352038671,39.086030281549924,39.41295660912216,3223000
2023-10-30,39.6983642578125,39.819448061328316,39.41294960727991,39.542684139210394,3754500
2023-10-31,39.923240661621094,39.957836982733795,39.45620022445995,39.71566603423166,2941100
2023-11-01,40.57609939575195,40.61973832755307,40.005290714529764,40.03496598721943,3274300
2023-11-02,41.14340591430664,41.16958860352017,40.872842580602665,41.003759356106876,2791800
2023-11-03,41.47506332397461,41.58852718088378,41.25686539192262,41.26559184425276,3021500
2023-11-06,41.67580032348633,41.68452677483267,41.48378509950839,41.57106626015102,2056100
2023-11-07,41.86782455444336,41.95510240442613,41.667082835933726,41.7543606859165,2623700
2023-11-08,41.99873733520508,42.03364980365252,41.81806880689759,41.99001088281134,2836700
2023-11-09,41.79799270629883,42.112198241431706,41.754353788516156,42.09474200843144,3206300
2023-11-10,42.33913040161133,42.356586637823405,41.90273448461934,41.97255942946763,2556000
2023-11-13,42.34785842895508,42.391497352957956,42.20821187448399,42.31294595797819,1950400
2023-11-14,42.65332794189453,42.77551824287372,42.57477655848847,42.77551824287372,3016700
2023-11-15,42.63587188720703,42.714423270941445,42.57477673646204,42.714423270941445,2787200
2023-11-16,42.70570755004883,42.71443400401828,42.574787434449156,42.63588260054585,1927300
2023-11-17,42.7406120300293,42.77552116881408,42.6707870935873,42.7231557959188,2357900
2023-11-20,42.87153244018555,42.88898867578162,42.75807190296583,42.7755248091254,2936200
2023-11-21,42.85407257080078,42.88025858669272,42.801707197889364,42.862802352576836,2243200
2023-11-22,42.98499298095703,43.06354437034334,42.915168043975314,42.958810294307014,2363400
2023-11-24,42.967529296875,43.01989799053145,42.91516060321855,43.011168210204204,1052000
2023-11-27,43.00244903564453,43.07227064289846,42.95008033312691,43.01117548801268,2854600
2023-11-28,43.08972930908203,43.098459091379134,42.96753899241399,43.01117791559023,2569500
2023-11-29,43.04608917236328,43.229374642198216,43.02863293769762,43.194465502303224,5444000
2023-11-30,43.01117706298828,43.08972845492298,42.8104353568077,43.07227222011122,3393200
2023-12-01,43.04815673828125,43.136188432621296,42.82807414423726,43.03054972777447,3091700
2023-12-04,42.85447692871094,42.88088576164455,42.607985532814844,42.86327875362434,2323400
2023-12-05,42.942508697509766,43.00413154660848,42.71362430917075,42.757640150213625,1727300
2023-12-06,42.77524948120117,43.18900579749899,42.76644765579197,43.18900579749899,1935300
2023-12-07,43.2330207824707,43.259429616367505,42.97772419415654,43.02174003671572,2521300
2023-12-08,43.36506271362305,43.40027672640322,43.11857134054805,43.171392359718304,2263600
2023-12-11,43.5411376953125,43.55434211306659,43.31225328512291,43.38267796587596,2617000
2023-12-12,43.74360656738281,43.74360656738281,43.49711518522515,43.5675432133806,2232700
2023-12-13,43.97249984741211,43.99890868220503,43.7788261037477,43.796433113007524,2862200
2023-12-14,43.928489685058594,44.06053723429579,43.76122475455309,44.025323211221576,3574900
2023-12-15,44.016517639160156,44.051731659237994,43.92848594715935,44.016517639160156,2563200
2023-12-18,44.130958557128906,44.1485655659836,44.03412168752486,44.08694271408895,2805900
2023-12-19,44.166168212890625,44.18377522134517,44.11335054572048,44.18377522134517,2359000
2023-12-20,43.9108772277832,44.21018967040578,43.893270218429684,44.16617046792515,3184700
2023-12-21,44.13975524902344,44.174969262637454,43.98129554595354,44.13095342471652,2177300
2023-12-22,44.157371520996094,44.21899437865384,44.095748663338355,44.21899437865384,2421500
2023-12-26,44.236602783203125,44.26301162069043,44.20138876109074,44.21899577214693,2306300
2023-12-27,44.29822540283203,44.30703058740942,44.21899553260535,44.289423576448606,2515000
2023-12-28,43.998905181884766,44.09574204601314,43.98129817402566,44.09574204601314,2857600
2023-12-29,43.95489501953125,44.03412488603562,43.84925631692335,44.03412488603562,2273600
2024-01-02,43.637977600097656,43.82284617788011,43.498884564254396,43.82284617788011,3137400
2024-01-03,43.329856872558594,43.49887810793244,43.27703584752044,43.45310257278748,2316600
2024-01-04,43.15379333496094,43.4443005986462,43.1361863253143,43.19780917998068,2790100
2024-01-05,43.26824188232422,43.47071747779425,43.1361909748379,43.1714049979268,2796900
2024-01-08,43.928489685058594,43.93729151173011,43.36507539045333,43.37388057531892,2124500
2024-01-09,44.02531433105469,44.073732763466936,43.69079125390713,43.75241410276028,1954900
2024-01-10,44.315834045410156,44.36865508023736,44.05173558766231,44.06934259927138,2263400
2024-01-11,44.40385437011719,44.50069123006286,43.99890328142911,44.43906838431438,3065200
2024-01-12,44.44788360595703,44.53415560949029,44.32463452842981,44.4566854323977,1674600
2024-01-16,44.52710723876953,44.62394074882711,44.324628318866225,44.42146518711732,2417600
2024-01-17,44.333431243896484,44.3598400763675,43.96369079833559,44.30702241142547,2376400
2024-01-18,44.79121017456055,44.82642083714003,44.50950472476155,44.63275043927438,2927000
2024-01-19,45.24017333984375,45.24897852338548,44.88804323662676,44.96727309753445,3904500
2024-01-22,45.328216552734375,45.398641242791335,45.248986677548935,45.398641242791335,2710800
2024-01-23,45.40743637084961,45.42504002081927,45.266580305544856,45.40743637084961,2818100
2024-01-24,45.54828643798828,45.697940961410474,45.53067943084569,45.609909283890744,3522200
2024-01-25,45.60110855102539,45.689143595328915,45.49546985605473,45.68033841180178,2593200
2024-01-26,45.59231185913086,45.68034355515269,45.54389341886067,45.601113685455466,2579100
2024-01-29,45.821197509765625,45.83000269451978,45.63632892825679,45.67154295088534,2521900
2024-01-30,45.741966247558594,45.847608312233106,45.71555741048693,45.8388031277466,3211800
2024-01-31,45.275390625,45.63632593780624,45.26658544082283,45.57030048925272,3500500
2024-02-01,45.631656646728516,45.65824227407505,45.33920122321711,45.47213612129955,2599700
2024-02-02,46.03045654296875,46.092491929873255,45.74775097378607,45.82662550304323,3128100
2024-02-05,46.04817199707031,46.09248249569337,45.879790750032974,46.039311249615444,2854200
2024-02-06,45.98613357543945,46.14565406445077,45.87978770965662,46.12792919004127,2338300
2024-02-07,46.278594970703125,46.3140413434731,46.08362470743275,46.145660085623405,2610100
2024-02-08,46.349491119384766,46.37608012481834,46.27859499313589,46.32290549462576,2274500
2024-02-09,46.51787185668945,46.54445747921881,46.36721210744977,46.41152260522346,2397100
2024-02-12,46.42925262451172,46.571048261502085,46.411527747303595,46.55332338429396,2467700
2024-02-13,46.189971923828125,46.32290681275499,46.02159066110548,46.14566142107739,2403100
2024-02-14,46.526729583740234,46.54445445783397,46.24313835958851,46.43810859394559,2359800
2024-02-15,46.571048736572266,46.64194824612802,46.402667472389375,46.64194824612802,2189800
2024-02-16,46.36721420288086,46.66853033430306,46.34062857915004,46.66853033430306,2566900
2024-02-20,46.13679885864258,46.33088000248867,45.90194678001651,46.287455238206014,2612000
2024-02-21,46.003868103027344,46.01716091645522,45.68925912275994,46.01272885175432,3348000
2024-02-22,46.952125549316406,46.98757530439672,46.71284477353636,46.83691553564274,2917600
2024-02-23,46.952125549316406,47.075310574646984,46.82805478721002,47.06733556299007,2453300
2024-02-26,46.996437072753906,47.14709684477753,46.96985144620407,47.07619733307823,2795400
2024-02-27,47.076194763183594,47.1648191479697,46.92553838005911,47.1648191479697,2512800
2024-02-28,46.943267822265625,47.03632089983453,46.89009318622271,47.00530320731156,2707200
2024-02-29,47.22685623168945,47.30661649053869,46.98757545514175,47.209131354092435,3319000
2024-03-01,47.53925704956055,47.55710922629168,47.28040899934545,47.3339621245843,3232500
2024-03-04,47.503562927246094,47.61067259806986,47.49463513512033,47.539263880883986,3084400
2024-03-05,47.137596130371094,47.441076332230324,46.98585432696416,47.441076332230324,3619400
2024-03-06,47.38751983642578,47.53033384888151,47.258094105613615,47.53033384888151,2544700
2024-03-07,47.76240539550781,47.80703754097563,47.49462954747414,47.52140951574576,2320800
2024-03-08,47.47677993774414,47.97216681562573,47.39912653794369,47.87844543399338,3362600
2024-03-11,47.351810455322266,47.48570006745378,47.17329210746501,47.44999571689147,2538600
2024-03-12,47.851661682128906,47.88557843207345,47.36252296982252,47.57495806961575,2127100
2024-03-13,47.7177734375,47.896291792470265,47.628515962492074,47.88736740695124,1886000
2024-03-14,47.66421890258789,47.869513812988494,47.44107181672363,47.851661637524835,1922900
2024-03-15,47.22685623168945,47.53926083698707,47.13313485010017,47.53926083698707,2212000
2024-03-18,47.592811584472656,47.78739451426161,47.57495940848995,47.60173937494121,2200700
2024-03-19,47.74455642700195,47.780257376292944,47.271482245634004,47.503557143275934,2273100
2024-03-20,48.137290954589844,48.155143130542875,47.70884894658039,47.82488638779787,2391600
2024-03-21,48.35151672363281,48.61929599379207,48.311351876081844,48.547887280428306,3054000
2024-03-22,48.431846618652344,48.47647876402854,48.29349650185911,48.38721787823078,1790700
2024-03-25,48.37828826904297,48.476473530342766,48.262250832511,48.40506482941409,2163900
2024-03-26,48.33366394042969,48.54788325283938,48.31581176356978,48.51217889911957,2333700
2024-03-27,48.4586181640625,48.54787562939139,48.23100720103358,48.52109907078353,2870200
2024-03-28,48.41398620605469,48.51216804939396,48.36042968745287,48.50324366543724,3607900
2024-04-01,48.51925277709961,48.67219518548135,48.34831653856022,48.65420478729589,3211100
2024-04-02,48.19537353515625,48.231361197589905,47.889485268414916,48.123401642261314,2438600
2024-04-03,48.29433822631836,48.48326830744882,47.99744515713701,48.02443762013594,3021400
2024-04-04,47.7005500793457,48.726174325042706,47.677157758072156,48.681191467804986,3125100
2024-04-05,48.21336364746094,48.43558384227694,47.831004201520464,47.916470603242516,2211000
2024-04-08,48.285343170166016,48.43828903191081,48.14589525690641,48.357318500863016,1630600
2024-04-09,48.393306732177734,48.50126629751317,47.93447257354989,48.48327246462848,2126000
2024-04-10,48.07841873168945,48.17288377824637,47.88049343832036,47.98845300124647,2622600
2024-04-11,48.68119812011719,48.73517618338978,48.04243253692658,48.31233314920702,2043000
2024-04-12,48.04243087768555,48.406796520081414,47.88948502909302,48.34831914289824,2978800
2024-04-15,47.331687927246094,48.40229509280006,46.78288811371959,48.267346513193814,5725900
2024-04-16,47.40365982055664,47.66456521257803,47.22372838106679,47.331687931155145,2218200
2024-04-17,46.881858825683594,47.610590177561505,46.7918896617666,47.592599776750795,2425300
2024-04-18,46.665931701660156,47.151754843394265,46.62094884008604,47.007807627173676,2318300
2024-04-19,45.7392692565918,46.57146416294647,45.568333018996555,46.56696484743886,6968000
2024-04-22,46.16212463378906,46.418530755884724,45.64931238959774,46.05416163250565,2795200
2024-04-23,46.87286376953125,46.971828141404224,46.369050141047694,46.42302821154353,3126700
2024-04-24,46.98981475830078,47.309197543580666,46.747802359233695,47.25521948137543,3012400
2024-04-25,46.72891616821289,46.85037368983861,46.07215667044784,46.29707444770873,2494700
2024-04-26,47.376678466796875,47.51163050025084,47.034802498826856,47.1787497329238,3636400
2024-04-29,47.57460021972656,47.664565940846074,47.313694823718784,47.62857827960936,3800800
2024-04-30,46.81888198852539,47.5836010037095,46.81888198852539,47.52062430514011,3280400
2024-05-01,46.55670166015625,47.364095196944646,46.438766722905015,46.71999512384758,3223600
2024-05-02,47.08286666870117,47.12368830119633,46.475051386694304,46.95585795946033,2330000
2024-05-03,47.853973388671875,47.89026159240966,47.604496313766596,47.64532140813,2877000
2024-05-06,48.30756378173828,48.30756378173828,47.9719065610585,48.04447950523876,3691900
2024-05-07,48.3166389465332,48.43003699494949,48.2576732071849,48.298498304144346,2458600
2024-05-08,48.3438606262207,48.41643358337429,47.953771032197196,48.18056714683253,1843400
2024-05-09,48.41642379760742,48.443641679093645,48.23498625044389,48.40735347753426,1997700
2024-05-10,48.51622009277344,48.62508124909453,48.390121519672775,48.534364195599245,1756500
2024-05-13,48.55251693725586,48.65230779023646,48.452726084275255,48.65230779023646,1780200
2024-05-14,48.697654724121094,48.73394292758468,48.48900274515584,48.51621716743674,1693500
2024-05-15,49.069602966308594,49.08774706907877,48.82466276986174,48.95620491947026,2591500
2024-05-16,49.051456451416016,49.1512472814279,49.04238613079384,49.12403285892778,2244200
2024-05-17,49.09682083129883,49.114964935340716,49.00610377172339,49.114964935340716,1911400
2024-05-20,49.19660949707031,49.22382392161236,49.12403654474692,49.160321290591696,2216500
2024-05-21,49.23289489746094,49.2419652182467,49.124033744863596,49.19660669305061,1974700
2024-05-22,49.1784553527832,49.28731994999155,49.10134552523548,49.28731994999155,2526200
2024-05-23,49.1784553527832,49.46875402407251,49.0605238967572,49.45968370462172,2792000
2024-05-24,49.33268356323242,49.35989798502845,49.17120348314008,49.27825125900688,2204500
2024-05-28,49.48690414428711,49.50051135543535,49.33359115642105,49.3961870962098,3074600
2024-05-29,49.40525436401367,49.48690108649172,49.332681422162814,49.38257683371236,3029300
2024-05-30,49.06052780151367,49.414329119017204,48.960736976446846,49.414329119017204,3482800
2024-05-31,49.16032028198242,49.17846438484948,48.30756821103365,49.17846438484948,4943900
2024-06-03,49.19690704345703,49.36156785570189,48.858439147003295,49.36156785570189,3392900
2024-06-04,49.27923583984375,49.35241997161157,49.07249729786146,49.11457503297763,1804300
2024-06-05,49.78236770629883,49.78236770629883,49.47134559528882,49.617710378545404,3711900
2024-06-06,49.8189582824707,49.87293210491615,49.736627876253884,49.855550349591866,2515500
2024-06-07,49.84640884399414,49.93788553093257,49.74578239459471,49.818963046223075,1826700
2024-06-10,49.947025299072266,49.97904248429224,49.77321822067976,49.81895655819237,2136000
2024-06-11,50.0933952331543,50.0933952331543,49.818961690196915,49.89214582944519,1887900
2024-06-12,50.367828369140625,50.445583893867685,50.267201930264875,50.38612440253727,3326000
2024-06-13,50.45930480957031,50.49589687619177,50.34038233785635,50.48674711473064,2151700
2024-06-14,50.477603912353516,50.477603912353516,50.39527350225461,50.404419774660376,1962100
2024-06-17,50.56907653808594,50.60292576937884,50.45930382996421,50.52333820050284,2979800
2024-06-18,50.61481857299805,50.633111116417176,50.55993047390619,50.61481857299805,2431800
2024-06-20,50.51419448852539,50.71544388201118,50.41356804697667,50.71544388201118,2699200
2024-06-21,50.532493591308594,50.593781644445315,50.41357110865492,50.52334382900577,1995300
2024-06-24,50.367828369140625,50.55993148538803,50.35867860763653,50.53248918009884,2866800
2024-06-25,50.61481857299805,50.623964844707615,50.404415937951676,50.50504237481434,2659700
2024-06-26,50.76118469238281,50.77033096433468,50.58279923801142,50.605670152308456,2947600
2024-06-27,50.825218200683594,50.893823963185014,50.71727404750676,50.779476372867286,3069000
2024-06-28,50.77033233642578,51.078615100592316,50.71544423439647,50.95328918691181,3608500
2024-07-01,50.89108657836914,50.92795834234438,50.536205519891034,50.83578244869122,3098600
2024-07-02,51.112308502197266,51.112308502197266,50.771253510461044,50.771253510461044,2990500
2024-07-03,51.28744888305664,51.29666858212689,51.103093580785774,51.12152946264135,3661000
2024-07-05,51.50867462158203,51.51789080412984,51.33353550661009,51.37040726937101,3941500
2024-07-08,51.58241653442383,51.60085241648465,51.49024064040469,51.53632858741426,2550200
2024-07-09,51.591636657714844,51.68381255249172,51.55476489329009,51.68381255249172,2887100
2024-07-10,51.72068786621094,51.72990404980708,51.61929226522717,51.69303579913727,2145400
2024-07-11,51.27823257446289,51.78520701725025,51.213708746269134,51.78520701725025,3380200
2024-07-12,51.4718017578125,51.69302881336101,51.315098527572985,51.370406170531304,2115700
2024-07-15,51.53632736206055,51.72989884466925,51.44415147023304,51.605461039073624,2387200
2024-07-16,51.57320022583008,51.66537611962454,51.42571668598797,51.60085229071142,3168400
2024-07-17,50.55924606323242,51.12152813826362,50.550029880685855,51.12152813826362,4465300
2024-07-18,50.291934967041016,50.85421353018209,50.02461995939838,50.84499734756349,5295300
2024-07-19,49.95087814331055,50.50394405905134,49.84118763334129,50.28271698949803,2341400
2024-07-22,50.65142059326172,50.72516059538888,50.22740591124821,50.430193554311266,2893700
2024-07-23,50.513160705566406,50.844999554799315,50.469836557923045,50.614556300197016,2740400
2024-07-24,48.90005874633789,49.95087944240406,48.83553491526611,49.95087944240406,4561900
2024-07-25,48.37464904785156,49.342510043209174,48.09811783721869,48.96458323487772,4341800
2024-07-26,48.81709289550781,49.08440788564782,48.532266807910524,48.844748474122575,3234800
2024-07-29,48.881614685058594,49.287197002546826,48.688043224230746,49.047534084706605,2757000
2024-07-30,48.282474517822266,49.16276597351328,47.93219976574351,49.12128787307137,3849400
2024-07-31,49.51764678955078,49.683566211203186,49.09362853628077,49.185807946245966,3727300
2024-08-01,48.54853057861328,49.932978273335394,48.16757574360249,49.617064248366084,4166800
2024-08-02,47.51716995239258,47.96316565238727,47.04330062879158,47.51716995239258,9301600
2024-08-05,46.19776153564453,46.857463216853176,44.29391597664214,44.77614662713912,7877400
2024-08-06,46.63447189331055,47.37408351976643,46.06768808776544,46.448642996782446,3756100
2024-08-07,46.17918395996094,47.56362831397934,46.13272673801662,47.368505855137904,3850400
2024-08-08,47.368499755859375,47.45212416237501,46.346426826853516,46.783128910249935,2526900
2024-08-09,47.65653991699219,47.851662349689846,47.18266710105974,47.331332318037724,2439600
2024-08-12,47.749454498291016,48.018911312552525,47.50787484911549,47.791268473690806,2510000
2024-08-13,48.687904357910156,48.706484407848045,48.12111713443277,48.16757434819392,2605800
2024-08-14,48.79011154174805,48.94342354575488,48.41845026639445,48.83657230256836,2490100
2024-08-15,49.58919143676758,49.617068603845546,49.227748813041124,49.33831819981762,3163100
2024-08-16,49.66352081298828,49.737851647294264,49.44981479072847,49.47768841053593,1688800
2024-08-19,50.090938568115234,50.090938568115234,49.59198157660358,49.70069366848795,2560100
2024-08-20,50.05376434326172,50.17455593332728,49.932976297654335,50.0723479374609,1947100
2024-08-21,50.14668655395508,50.22566417763518,49.97479095142326,50.118809388070325,1706700
2024-08-22,49.71927261352539,50.27584122387261,49.67281539476519,50.258186275627814,2425300
2024-08-23,50.08164596557617,50.16527037468849,49.76573192498059,49.97479117553214,2187600
2024-08-26,49.95155715942383,50.20243036850372,49.80289194787185,50.1652667239594,2223200
2024-08-27,50.06305694580078,50.11880418286358,49.70997575175129,49.87722455185589,1584800
2024-08-28,49.74715042114258,50.072354501111555,49.49813447958159,50.072354501111555,3179300
2024-08-29,49.802894592285156,50.21636984463297,49.705333374316865,49.94226978621611,3267000
2024-08-30,50.248897552490234,50.25446944154071,49.840065510099805,50.08164872505027,2476700
2024-09-03,49.21336364746094,50.09398766369556,49.00212877310329,50.086474002470055,3482000
2024-09-04,49.14764404296875,49.43398686758576,48.889468493480095,48.9974317072143,2476900
2024-09-05,49.17581558227539,49.51379426236617,48.959885554738484,49.063153634681875,2394300
2024-09-06,48.21820831298828,49.241531011471245,48.143100351357184,49.19459032612418,4311500
2024-09-09,48.75333786010742,48.81905553297116,48.323354468316325,48.631289218498516,2128500
2024-09-10,49.128868103027344,49.17111364152606,48.57495947197404,48.978652193669056,2380500
2024-09-11,49.90810012817383,49.96912266352554,48.528021717301506,49.27908703943426,2319900
2024-09-12,50.264854431152344,50.3305721078501,49.767273131568864,49.97381644767313,3886500
2024-09-13,50.462005615234375,50.54650027951832,50.246075602363106,50.264852592353385,1945200
2024-09-16,50.35873794555664,50.386901642098174,50.095867227582545,50.386901642098174,1822200
2024-09-17,50.39628982543945,50.65446897077927,50.16627795681066,50.584056151018885,2258200
2024-09-18,50.29301834106445,50.74365537520516,50.231995807111836,50.5371156395645,2380800
2024-09-19,51.09101867675781,51.229029374154,50.89762248436391,51.10040896242765,3209700
2024-09-20,51.081634521484375,51.14265705600483,50.8187638111257,51.081634521484375,1790000
2024-09-23,51.231849670410156,51.28348550296193,51.10980101334732,51.21307267845087,2206200
2024-09-24,51.36327362060547,51.39707076608494,51.01590829990082,51.31163779952643,2091500
2024-09-25,51.38206100463867,51.46655567610544,51.3163433247584,51.36797915628503,2187000
2024-09-26,51.53227233886719,51.729425374616696,51.34920115119338,51.72003866968119,3875300
2024-09-27,51.447776794433594,51.59798914026214,51.372672412191726,51.59798914026214,2702500
2024-09-30,51.569828033447266,51.57921473869442,51.27409847000462,51.47594665559579,3942500
2024-10-01,51.162986755371094,51.580255403978,50.9069343058965,51.57077358776029,4477200
2024-10-02,51.21988296508789,51.31946192861724,50.916414210651254,51.12505033593878,2889000
2024-10-03,51.15350341796875,51.34317230879356,51.00651174595529,51.12505435051665,3113200
2024-10-04,51.561283111572266,51.589735792709,51.25307165895863,51.58025035978586,2194400
2024-10-07,51.305233001708984,51.60870175155166,51.234110339740276,51.580252686764176,3206300
2024-10-08,51.7130241394043,51.75570135778915,51.46171439906703,51.50439161745187,2284700
2024-10-09,51.92165756225586,51.94062481191967,51.67034783506804,51.76044136656291,2404200
2024-10-10,51.9311408996582,52.00700990053613,51.78889194946171,51.86475733270656,1894800
2024-10-11,52.025978088378906,52.08003276278042,51.874243701521536,51.874243701521536,2335600
2024-10-14,52.24409484863281,52.296253882075334,52.16917728561706,52.17771128200289,3335600
2024-10-15,52.00701141357422,52.33892925798892,51.9074360602498,52.33892925798892,2902100
2024-10-16,52.07339096069336,52.11132545930617,51.83630577081265,52.092358209999766,2564600
2024-10-17,52.149261474609375,52.38634667138538,52.11132697489329,52.38634667138538,2435100
2024-10-18,52.414798736572266,52.45747233796992,52.29151341425701,52.33892973279881,1913500
2024-10-21,52.50014114379883,52.50962295893443,52.248831439930036,52.4337575849517,3388500
2024-10-22,52.566532135009766,52.613948452657226,52.31996149502992,52.37686324678676,2259600
2024-10-23,52.0828742980957,52.46221206004009,51.78889096934016,52.46221206004009,4314300
2024-10-24,52.39582443237305,52.43375892915323,52.153996537440314,52.424273496141815,2159900
2024-10-25,52.53807830810547,52.86051430358258,52.4764338448788,52.585494621457116,2666100
2024-10-28,52.60446548461914,52.84155068529958,52.585498234448735,52.83206525139785,3438300
2024-10-29,52.90793228149414,52.96483041225308,52.50962727801689,52.63291259071615,3109000
2024-10-30,52.73723220825195,52.97431740708953,52.68981589201105,52.97431740708953,4438500
2024-10-31,51.76043701171875,52.566525157629535,51.75095157886841,52.557039724779195,6226900
2024-11-01,52.09921646118164,52.36717965225777,51.87910631718424,51.984377179677544,3437900
2024-11-04,52.013084411621094,52.29540204745513,51.840823669577404,52.041796969078256,2829000
2024-11-05,52.56814956665039,52.57771798570833,52.09921671796214,52.11835720675298,2775900
2024-11-06,53.553855895996094,53.611277356885296,53.17105710875855,53.24761540593622,5356700
2024-11-07,54.00365447998047,54.022794969164764,53.71655444356616,53.71655444356616,3538100
2024-11-08,54.108924865722656,54.166342682091745,53.98451351246463,53.98451351246463,3030700
2024-11-11,54.12806701660156,54.19696985862996,54.0036556595238,54.18548483473352,3161200
2024-11-12,54.204620361328125,54.233329267765505,54.05150010920417,54.16633938562845,3156800
2024-11-13,54.214195251464844,54.338602952949834,54.089783899304884,54.26683068312194,3596500
2024-11-14,54.09934997558594,54.29075120507983,54.04193216221014,54.25247022904609,2356300
2024-11-15,53.218910217285156,53.850531728476234,53.037077403775314,53.850531728476234,6316300
2024-11-18,53.544288635253906,53.70697730194472,53.2380481385744,53.429449361667764,3122000
2024-11-19,53.831390380859375,53.87445374084015,53.28589925038732,53.32418022637566,2965300
2024-11-20,53.793113708496094,53.869675666597985,53.24762253438296,53.869675666597985,3112000
2024-11-21,54.041934967041016,54.11849327240714,53.4007413625591,54.041934967041016,3229800
2024-11-22,54.137630462646484,54.17591143833447,53.907951909868125,54.0419316741013,2981300
2024-11-25,54.25246810913086,54.58742116032558,54.099347861653875,54.51085921124976,3582000
2024-11-26,54.52043533325195,54.558712659960726,54.39123794725068,54.5012948445601,3628900
2024-11-27,54.24290466308594,54.530004697088366,53.9558046290835,54.530004697088366,4384200
2024-11-29,54.63526916503906,54.67355013860436,54.27160721751782,54.40558697432181,3304000
2024-12-02,55.009925842285156,55.03889250173962,54.72024451393617,54.72990252272173,3849400
2024-12-03,55.154762268066406,55.16442027675478,54.894051285246135,54.96164261226053,3109400
2024-12-04,55.51203536987305,55.51203536987305,55.32953510200581,55.41547369946293,4010600
2024-12-05,55.44444274902344,55.56031675851081,55.405821762645566,55.56031675851081,3298900
2024-12-06,55.6375617980957,55.666532141872096,55.48306680394271,55.53134579896842,3077900
2024-12-09,55.473411560058594,55.647218886035056,55.41547455691605,55.64238988157706,3693600
2024-12-10,55.425132751464844,55.647219072411666,55.35754142263107,55.5796277435779,2838900
2024-12-11,55.88861846923828,55.92723945519053,55.65687413626872,55.65687413626872,3912800
2024-12-12,55.73412322998047,55.84999355423009,55.71481089536366,55.83840541676977,2907100
2024-12-13,55.85964584350586,55.9948321808954,55.72446318956737,55.93689517915702,3346200
2024-12-16,56.06242370605469,56.07207803131968,55.917583042922246,56.00448670411149,3751800
2024-12-17,55.994834899902344,56.02863056502802,55.90793123480043,56.02380156045257,3181200
2024-12-18,54.8843994140625,56.07208037771463,54.797495749236674,56.03345570813621,6793000
2024-12-19,54.84577178955078,55.357539425264164,54.81680513065322,55.304431428317955,7638800
2024-12-20,55.23201370239258,55.56997035030573,54.42091406394981,54.58506338337871,5512400
2024-12-23,55.68584060668945,55.69356848730476,55.14993897521167,55.39616295405381,4364200
2024-12-24,56.149330139160156,56.149330139160156,55.782403142308056,55.912756798801546,3269600
2024-12-26,56.1300163269043,56.20726198115778,55.917584331667705,56.09139165805198,3570700
2024-12-27,55.75343704223633,56.0238023671347,55.381681037049766,56.0238023671347,4648200
2024-12-30,55.260982513427734,55.56997251310322,54.903713516950084,55.32857384564104,5371600
2024-12-31,54.877479553222656,55.44202067916393,54.780142315621774,55.44202067916393,4666300
2025-01-02,54.78014373779297,55.37388790694694,54.33240357231281,55.208420168283595,4732600
2025-01-03,55.5588264465332,55.62696065766305,55.00693562334543,55.04294835978948,5048200
2025-01-06,56.07469940185547,56.318036924888666,55.870296773636206,56.02603263985601,5471600
2025-01-07,55.26681900024414,56.23043725931519,55.0818838128829,56.23043725931519,5366800
2025-01-08,55.30575180053711,55.422552771652796,54.87261130765702,55.28628435317851,3792200
2025-01-10,54.48814010620117,55.01375007017645,54.18056333494261,55.00401448952722,6629400
2025-01-13,54.342140197753906,54.37912575058844,53.74839601718321,53.93333120742813,5184500
2025-01-14,54.27400207519531,54.7567858824771,53.933331012021554,54.682811064039925,3530900
2025-01-15,55.33495330810547,55.42255496817306,54.87845408812451,55.042949012225506,4975500
2025-01-16,55.07215118408203,55.57828997544648,55.06728339386621,55.55882624065524,3125900
2025-01-17,55.74375915527344,55.860560124444156,55.519889083931275,55.76322660230787,6088900
2025-01-21,56.02603530883789,56.0941695214901,55.61722631988849,56.055234624821374,5379200
2025-01-22,56.52244186401367,56.61977539199203,56.38617343962953,56.4445757842382,4798900
2025-01-23,56.68791198730469,56.68791198730469,56.34723722130058,56.42510701228529,3714200
2025-01-24,56.52244186401367,56.75604752941226,56.40077309752267,56.74631194879277,4246800
2025-01-27,55.34469223022461,55.93843643841602,55.0040174369324,55.48096066232697,9503700
2025-01-28,55.987098693847656,56.06399195632773,55.140285138991366,55.50042363953365,5137100
2025-01-29,55.84109878540039,56.02603769593847,55.52475923430191,56.02603769593847,5421200
2025-01-30,55.987098693847656,56.17203387779402,55.60262495537527,56.06496477175918,5017500
2025-01-31,55.93843078613281,56.51270748699107,55.85082912962779,56.308301146455406,6894500
2025-02-03,55.54601287841797,55.76870823820827,54.903438323198685,55.15360245037535,7592200
2025-02-04,56.04634094238281,56.08067690149914,55.53620401955535,55.634305690648034,4178700
2025-02-05,56.27198028564453,56.27198028564453,55.80108550722003,55.95805043336153,4129300
2025-02-06,56.497615814208984,56.51723689731102,56.2425492185604,56.33574468537139,3780900
2025-02-07,56.0806770324707,56.71344291681122,56.026719990542055,56.57609533768628,4717600
2025-02-10,56.61534118652344,56.65458335454078,56.414231624527986,56.458376256793166,4122600
2025-02-11,56.546669006347656,56.65458309673474,56.37008299341226,56.43875491596057,4644400
2025-02-12,56.546669006347656,56.60553225810582,56.08950860380931,56.17387589655748,4528800
2025-02-13,57.00775146484375,57.0273725475042,56.60552862615168,56.70363029711507,4682000
2025-02-14,57.16471862792969,57.19414838190627,56.98813261939218,57.042089663241924,3647400
2025-02-18,57.27263259887695,57.36092560296572,57.09898806915549,57.36092560296572,4250700
2025-02-19,57.40016555786133,57.419786641775204,57.145098951659094,57.28244279671715,4575400
2025-02-20,57.29225540161133,57.409978163149546,56.95379825205745,57.40016574999021,3990000
2025-02-21,56.477996826171875,57.429598809056365,56.38970382010694,57.429598809056365,6012300
2025-02-24,55.92861557006836,56.77230343083803,55.899185816616985,56.70363151122552,6231000
2025-02-25,55.32038116455078,55.89919006119171,54.89853720213421,55.89919006119171,7899700
2025-02-26,55.47734069824219,55.95804786757488,55.17322327285312,55.57053990529438,5848000
2025-02-27,54.08428192138672,55.91881026285706,54.06466083712607,55.86975942337502,8444000
2025-02-28,54.918155670166016,54.977018921072855,53.750729261389786,54.14313970708494,7271700
2025-03-03,53.81183624267578,55.40501549043502,53.43580544370898,55.35553487292905,9146000
2025-03-04,53.59413528442383,54.41546524279143,52.78270295980399,53.435807118030716,9877800
2025-03-05,54.257137298583984,54.395673972890116,53.18841933992312,53.68319533378287,7918100
2025-03-06,52.84207534790039,53.87021749296615,52.62932152883255,53.4555964965542,7323500
2025-03-07,53.19831085205078,53.34179633692126,52.07022223979027,52.78270084746684,6584700
2025-03-10,51.36764144897461,52.39182756374801,50.86297161662819,52.39182756374801,11139000
2025-03-11,51.23899841308594,51.92179166982074,50.724430949619524,51.308266747125536,6905600
2025-03-12,51.803043365478516,52.170169315312876,51.25879054486931,52.02074600365865,5241800
2025-03-13,50.91244888305664,51.733775043488386,50.74917190438078,51.70408969276228,6146500
2025-03-14,52.06032943725586,52.149389265021895,51.41217410869488,51.4962851196847,5297100
2025-03-17,52.32750701904297,52.65405719242459,51.90199938793886,52.11969824524626,5144300
2025-03-18,51.60513687133789,52.08012136511577,51.36764273702835,52.07022373148055,5245900
2025-03-19,52.18897247314453,52.60458248793919,51.61503051956198,51.82283552695931,5126900
2025-03-20,52.099910736083984,52.57984025229598,51.79413728653884,51.90199959469167,4387100
2025-03-21,52.24834442138672,52.29782126601729,51.5061804274044,51.634823243316895,4556500
2025-03-24,53.19831085205078,53.267582960989195,52.871760673426415,52.97071435789656,5405900
2025-03-25,53.445701599121094,53.574344415450966,53.19831360032433,53.3368540505172,4930200
2025-03-26,52.66395568847656,53.40611964677035,52.495729895012595,53.40611964677035,4687500
2025-03-27,52.42646408081055,52.8371290634339,52.27803354692202,52.50068123517545,4384100
2025-03-28,51.2686882019043,52.30771700078879,51.15983688276419,52.24834252448297,7299300
2025-03-31,51.23899841308594,51.33795587231472,50.04164146772581,50.54631507268989,8193500
2025-04-01,51.61000061035156,51.68000030517578,50.78499984741211,51.10499954223633,5752900
2025-04-02,51.88999938964844,52.224998474121094,50.95000076293945,51.0,5950700
2025-04-03,49.349998474121094,50.33000183105469,49.290000915527344,50.125,15606200
2025-04-04,46.599998474121094,48.29999923706055,46.529998779296875,48.0,22360000
2025-04-07,46.709999084472656,48.58000183105469,44.31100082397461,44.88999938964844,19670100
2025-04-08,45.880001068115234,48.65999984741211,45.150001525878906,48.040000915527344,14939700
2025-04-09,50.689998626708984,50.86000061035156,45.66999816894531,45.86000061035156,16189300
2025-04-10,48.86000061035156,49.689998626708984,47.439998626708984,49.54999923706055,14714900
2025-04-11,49.540000915527344,49.650001525878906,48.34000015258789,48.7400016784668,7327600
2025-04-14,49.93000030517578,50.599998474121094,49.45000076293945,50.58000183105469,6402500
2025-04-15,50.02000045776367,50.38999938964844,49.86000061035156,50.05500030517578,5875000
2025-04-16,48.7599983215332,49.55500030517578,48.12099838256836,49.25,6261500
2025-04-17,48.7400016784668,49.05500030517578,48.470001220703125,49.040000915527344,4221400
2025-04-21,47.689998626708984,48.25,47.13999938964844,48.209999084472656,6753500
2025-04-22,48.77000045776367,49.02000045776367,48.130001068115234,48.279998779296875,6086100
2025-04-23,49.63999938964844,50.34000015258789,49.4900016784668,50.07500076293945,7851400
2025-04-24,50.630001068115234,50.650001525878906,49.79999923706055,49.83000183105469,6181800
2025-04-25,51.09000015258789,51.11000061035156,50.54999923706055,50.709999084472656,5279600
2025-04-28,51.11000061035156,51.279998779296875,50.665000915527344,51.185001373291016,5794000
2025-04-29,51.31999969482422,51.380001068115234,50.93000030517578,51.0,9588800
2025-04-30,51.34000015258789,51.4900016784668,50.472999572753906,50.750999450683594,7990900
2025-05-01,51.165000915527344,51.29999923706055,51.029998779296875,51.16999816894531,4848152
